ID,Address,Name,Phone Number,Email Address 
1,13418 south village ,Raja ,8137044722,ismail.usf@gmail.com
2,13419 south village ,Ijlal ,8137044722,ismail.usf@gmail.com
3,13420 south village ,Sultan,8137044722,ismail.usf@gmail.com
4,13421 south village ,zain ,8137044722,ismail.usf@gmail.com
5,13422 south village ,ALI,8137044722,ismail.usf@gmail.com
6,13423 south village ,Ismail,8137044722,ismail.usf@gmail.com
7,13424 south village ,malik,8137044722,ismail.usf@gmail.com
8,13425 south village ,ismael ,8137044722,ismail.usf@gmail.com
9,13426 south village ,mustafa,8137044722,ismail.usf@gmail.com
